{"sessionId":"2026-04-25T19:54:01.614Z","startedAtMs":1777146804587,"endedAtMs":1777146841623,"durationMs":37036,"exercise":"squat","numReps":1,"summary":{"exercise":"squat","reps":[{"repId":1,"side":"left","timing":{"startFrame":1242,"bottomFrame":1372,"endFrame":1454,"durationMs":3697},"features":{"kneeFlexionDeg":50.3318228157257,"romRatio":0.41943185679771416,"fppaPeak":50.3318228157257,"fppaAtDepth":6.865962693895369,"trunkLeanPeak":13.201934658948263,"trunkFlexPeak":72.5658631734769,"pelvicDropPeak":44.74253669481648,"pelvicShiftPeak":0.08818987011909485,"hipAdductionPeak":178.9483383704864,"kneeOffsetPeak":5.136572206239723,"swayNorm":0.01862141257838162,"smoothness":211.59132232212946},"errors":{"kneeValgus":true,"trunkLean":true,"trunkFlex":true,"pelvicDrop":true,"pelvicShift":false,"hipAdduction":true,"kneeOverFoot":true,"balance":false},"score":{"totalErrors":6,"classification":"poor"},"confidence":0.8342758863931156}],"summary":{"numReps":1,"avgDepth":50.3318228157257,"minDepth":50.3318228157257,"avgFppa":50.3318228157257,"maxFppa":50.3318228157257,"consistency":1,"overallRating":"poor"}}}