{
  "sessionId": "2026-04-25T16:00:36.489Z",
  "startedAtMs": 1777132798348,
  "endedAtMs": 1777132836468,
  "durationMs": 38120,
  "exercise": "squat",
  "numReps": 13,
  "summary": {
    "exercise": "squat",
    "reps": [
      {
        "repId": 1,
        "side": "right",
        "timing": {
          "startFrame": 59,
          "bottomFrame": 63,
          "endFrame": 148,
          "durationMs": 1532
        },
        "features": {
          "kneeFlexionDeg": 114.11406202750445,
          "romRatio": 0.9509505168958704,
          "fppaPeak": 114.11406202750445,
          "fppaAtDepth": 30.908113063040503,
          "trunkLeanPeak": 3.124253300456927,
          "trunkFlexPeak": 69.86864034159208,
          "pelvicDropPeak": 3.966331623378227,
          "pelvicShiftPeak": 0.014660447835922241,
          "hipAdductionPeak": 172.125758688085,
          "kneeOffsetPeak": 0.48139930186895263,
          "swayNorm": 0.005242395246766795,
          "smoothness": 256.13138759354746
        },
        "errors": {
          "kneeValgus": true,
          "trunkLean": false,
          "trunkFlex": true,
          "pelvicDrop": false,
          "pelvicShift": false,
          "hipAdduction": true,
          "kneeOverFoot": true,
          "balance": false
        },
        "score": {
          "totalErrors": 4,
          "classification": "poor"
        },
        "confidence": 0.9626308928479207
      },
      {
        "repId": 2,
        "side": "left",
        "timing": {
          "startFrame": 297,
          "bottomFrame": 298,
          "endFrame": 345,
          "durationMs": 831
        },
        "features": {
          "kneeFlexionDeg": 140.64304814241794,
          "romRatio": 1.172025401186816,
          "fppaPeak": 140.64304814241794,
          "fppaAtDepth": 18.79431170845109,
          "trunkLeanPeak": 16.28143679729545,
          "trunkFlexPeak": 76.10624173520739,
          "pelvicDropPeak": 14.17788393781873,
          "pelvicShiftPeak": 0.011495828628540039,
          "hipAdductionPeak": 0,
          "kneeOffsetPeak": 0.3512826777205662,
          "swayNorm": 0.006057332041067615,
          "smoothness": 590.239316712254
        },
        "errors": {
          "kneeValgus": true,
          "trunkLean": true,
          "trunkFlex": true,
          "pelvicDrop": true,
          "pelvicShift": false,
          "hipAdduction": false,
          "kneeOverFoot": true,
          "balance": false
        },
        "score": {
          "totalErrors": 5,
          "classification": "poor"
        },
        "confidence": 0.844705327351888
      },
      {
        "repId": 3,
        "side": "left",
        "timing": {
          "startFrame": 535,
          "bottomFrame": 537,
          "endFrame": 561,
          "durationMs": 475
        },
        "features": {
          "kneeFlexionDeg": 154.89470778780918,
          "romRatio": 1.2907892315650764,
          "fppaPeak": 154.89470778780918,
          "fppaAtDepth": 35.27443365811516,
          "trunkLeanPeak": 7.325324888975464,
          "trunkFlexPeak": 78.79590070328398,
          "pelvicDropPeak": 9.907370401674246,
          "pelvicShiftPeak": 0.011226817965507507,
          "hipAdductionPeak": 178.20970158023928,
          "kneeOffsetPeak": 0.5891855843102392,
          "swayNorm": 0.004810546573551224,
          "smoothness": 1700.7361668712178
        },
        "errors": {
          "kneeValgus": true,
          "trunkLean": false,
          "trunkFlex": true,
          "pelvicDrop": true,
          "pelvicShift": false,
          "hipAdduction": true,
          "kneeOverFoot": true,
          "balance": false
        },
        "score": {
          "totalErrors": 5,
          "classification": "poor"
        },
        "confidence": 0.8184133150747844
      },
      {
        "repId": 4,
        "side": "left",
        "timing": {
          "startFrame": 569,
          "bottomFrame": 570,
          "endFrame": 584,
          "durationMs": 250
        },
        "features": {
          "kneeFlexionDeg": 67.70152733323874,
          "romRatio": 0.5641793944436562,
          "fppaPeak": 67.70152733323874,
          "fppaAtDepth": 28.717194079605065,
          "trunkLeanPeak": 14.739947289975753,
          "trunkFlexPeak": 78.46523158505924,
          "pelvicDropPeak": 9.083098583891404,
          "pelvicShiftPeak": 0.002162843942642212,
          "hipAdductionPeak": 178.40986576276552,
          "kneeOffsetPeak": 0.5662945374895003,
          "swayNorm": 0.004900762466900417,
          "smoothness": 1372.5647967550349
        },
        "errors": {
          "kneeValgus": true,
          "trunkLean": true,
          "trunkFlex": true,
          "pelvicDrop": true,
          "pelvicShift": false,
          "hipAdduction": true,
          "kneeOverFoot": true,
          "balance": false
        },
        "score": {
          "totalErrors": 6,
          "classification": "poor"
        },
        "confidence": 0.5549031463908214
      },
      {
        "repId": 5,
        "side": "right",
        "timing": {
          "startFrame": 778,
          "bottomFrame": 783,
          "endFrame": 846,
          "durationMs": 1181
        },
        "features": {
          "kneeFlexionDeg": 123.64572313150306,
          "romRatio": 1.0303810260958588,
          "fppaPeak": 123.64572313150306,
          "fppaAtDepth": 75.81129791209317,
          "trunkLeanPeak": 9.410376504989891,
          "trunkFlexPeak": 79.0858684295495,
          "pelvicDropPeak": 17.642942562821663,
          "pelvicShiftPeak": 0.041032418608665466,
          "hipAdductionPeak": 177.81421071476205,
          "kneeOffsetPeak": 1.617317911848719,
          "swayNorm": 0.002825473228576037,
          "smoothness": 469.19567696895393
        },
        "errors": {
          "kneeValgus": true,
          "trunkLean": false,
          "trunkFlex": true,
          "pelvicDrop": true,
          "pelvicShift": false,
          "hipAdduction": true,
          "kneeOverFoot": true,
          "balance": false
        },
        "score": {
          "totalErrors": 5,
          "classification": "poor"
        },
        "confidence": 0.7596237921998615
      },
      {
        "repId": 6,
        "side": "left",
        "timing": {
          "startFrame": 955,
          "bottomFrame": 956,
          "endFrame": 982,
          "durationMs": 466
        },
        "features": {
          "kneeFlexionDeg": 77.45295371428531,
          "romRatio": 0.6454412809523776,
          "fppaPeak": 77.45295371428531,
          "fppaAtDepth": 27.527511223537118,
          "trunkLeanPeak": 19.26822857296865,
          "trunkFlexPeak": 79.30408614864727,
          "pelvicDropPeak": 22.588738065484986,
          "pelvicShiftPeak": 0.02428068220615387,
          "hipAdductionPeak": 176.3431775426027,
          "kneeOffsetPeak": 0.5950085724615121,
          "swayNorm": 0.006043929386637229,
          "smoothness": 760.488575005523
        },
        "errors": {
          "kneeValgus": true,
          "trunkLean": true,
          "trunkFlex": true,
          "pelvicDrop": true,
          "pelvicShift": false,
          "hipAdduction": true,
          "kneeOverFoot": true,
          "balance": false
        },
        "score": {
          "totalErrors": 6,
          "classification": "poor"
        },
        "confidence": 0.7392560524502021
      },
      {
        "repId": 7,
        "side": "right",
        "timing": {
          "startFrame": 983,
          "bottomFrame": 987,
          "endFrame": 1037,
          "durationMs": 932
        },
        "features": {
          "kneeFlexionDeg": 173.26466762756192,
          "romRatio": 1.4438722302296827,
          "fppaPeak": 173.26466762756192,
          "fppaAtDepth": 107.65110463282969,
          "trunkLeanPeak": 32.27810536708211,
          "trunkFlexPeak": 85.55950514855643,
          "pelvicDropPeak": 23.92833337536265,
          "pelvicShiftPeak": 0.03968064486980438,