{
  "sessionId": "2026-04-25T21:43:36.803Z",
  "startedAtMs": 1777153407696,
  "endedAtMs": 1777153416789,
  "durationMs": 9093,
  "exercise": "squat",
  "numReps": 3,
  "summary": {
    "exercise": "squat",
    "reps": [
      {
        "repId": 1,
        "side": "right",
        "timing": {
          "startFrame": 30,
          "bottomFrame": 106,
          "endFrame": 223,
          "durationMs": 3308
        },
        "features": {
          "kneeFlexionDeg": 148.08656430379142,
          "romRatio": 1.234054702531595,
          "fppaPeak": 148.08656430379142,
          "fppaAtDepth": 140.0592359918959,
          "trunkLeanPeak": 14.612574738627373,
          "trunkFlexPeak": 32.62633236267027,
          "pelvicDropPeak": 13.681735908052731,
          "pelvicShiftPeak": 0.04797552525997162,
          "hipAdductionPeak": 177.71633444261946,
          "kneeOffsetPeak": 1.120384142216494,
          "swayNorm": 0.011364262478966287,
          "smoothness": 2186.120199422236
        },
        "errors": {
          "kneeValgus": true,
          "trunkLean": true,
          "trunkFlex": false,
          "pelvicDrop": true,
          "pelvicShift": false,
          "hipAdduction": true,
          "kneeOverFoot": true,
          "balance": false
        },
        "score": {
          "totalErrors": 5,
          "classification": "poor"
        },
        "confidence": 0.6886297336865943
      },
      {
        "repId": 2,
        "side": "left",
        "timing": {
          "startFrame": 251,
          "bottomFrame": 272,
          "endFrame": 306,
          "durationMs": 1087
        },
        "features": {
          "kneeFlexionDeg": 105.42235661958647,
          "romRatio": 0.8785196384965539,
          "fppaPeak": 105.42235661958647,
          "fppaAtDepth": 99.40502047099258,
          "trunkLeanPeak": 28.318514057900085,
          "trunkFlexPeak": 33.07392497292292,
          "pelvicDropPeak": 11.989131273749473,
          "pelvicShiftPeak": 0.07138441503047943,
          "hipAdductionPeak": 179.4776270941651,
          "kneeOffsetPeak": 2.6205929304268247,
          "swayNorm": 0.021244065423036248,
          "smoothness": 933.6591521086374
        },
        "errors": {
          "kneeValgus": true,
          "trunkLean": true,
          "trunkFlex": false,
          "pelvicDrop": true,
          "pelvicShift": false,
          "hipAdduction": true,
          "kneeOverFoot": true,
          "balance": false
        },
        "score": {
          "totalErrors": 5,
          "classification": "poor"
        },
        "confidence": 0.60566170034664
      },
      {
        "repId": 3,
        "side": "right",
        "timing": {
          "startFrame": 374,
          "bottomFrame": 395,
          "endFrame": 425,
          "durationMs": 858
        },
        "features": {
          "kneeFlexionDeg": 63.6439562882838,
          "romRatio": 0.530366302402365,
          "fppaPeak": 63.6439562882838,
          "fppaAtDepth": 63.6439562882838,
          "trunkLeanPeak": 10.100536744691558,
          "trunkFlexPeak": 33.60728473202356,
          "pelvicDropPeak": 10.912658212795487,
          "pelvicShiftPeak": 0.018944233655929565,
          "hipAdductionPeak": 178.2587728604088,
          "kneeOffsetPeak": 0.708208686073314,
          "swayNorm": 0.005450138956128223,
          "smoothness": 904.2444956066323
        },
        "errors": {
          "kneeValgus": true,
          "trunkLean": true,
          "trunkFlex": false,
          "pelvicDrop": true,
          "pelvicShift": false,
          "hipAdduction": true,
          "kneeOverFoot": true,
          "balance": false
        },
        "score": {
          "totalErrors": 5,
          "classification": "poor"
        },
        "confidence": 0.541875674795264
      }
    ],
    "summary": {
      "numReps": 3,
      "avgDepth": 105.71762573722056,
      "minDepth": 63.6439562882838,
      "avgFppa": 105.71762573722056,
      "maxFppa": 148.08656430379142,
      "consistency": 0.6739031701648615,
      "overallRating": "poor"
    }
  }
}