{
  "sessionId": "2026-04-26T04:18:12.128Z",
  "startedAtMs": 1777177092128,
  "endedAtMs": 1777177139953,
  "durationMs": 47825,
  "patient": {
    "patientId": "pt-1777163648069-95ejizak",
    "injuredJoint": {
      "name": "right_knee",
      "romByExercise": {
        "leftSls": 0.9546493202286189,
        "rightSls": 1.1193868573636214,
        "leftLsd": null,
        "rightLsd": 1.2495682794285252
      }
    }
  },
  "exercises": [
    {
      "exercise": "leftSls",
      "startedAtMs": 1777177097020,
      "endedAtMs": 1777177103744,
      "durationMs": 6724,
      "numReps": 2,
      "summary": {
        "exercise": "leftSls",
        "reps": [
          {
            "repId": 1,
            "side": "left",
            "timing": {
              "startFrame": 100,
              "bottomFrame": 104,
              "endFrame": 114,
              "durationMs": 652
            },
            "features": {
              "kneeFlexionDeg": 113.29988868532321,
              "romRatio": 0.8392584347060978,
              "fppaPeak": 113.29988868532321,
              "fppaAtDepth": 6.635268046104983,
              "trunkLeanPeak": 5.297653033190714,
              "trunkFlexPeak": 52.46898810722458,
              "pelvicDropPeak": 38.22086672243319,
              "pelvicShiftPeak": 0.028288930654525757,
              "hipAdductionPeak": 175.25639812543176,
              "kneeOffsetPeak": 2.084495107997723,
              "swayNorm": 0.008212027022720258,
              "smoothness": 2946.988665437688,
              "pelvisVertDisplacement": 0.03362719338349629,
              "swingHeelContactFrames": 8
            },
            "errors": {
              "kneeValgus": true,
              "trunkLean": false,
              "trunkFlex": true,
              "pelvicDrop": true,
              "pelvicShift": false,
              "hipAdduction": true,
              "kneeOverFoot": true,
              "balance": false
            },
            "score": {
              "totalErrors": 5,
              "classification": "poor"
            },
            "confidence": 0.5853265166282654
          },
          {
            "repId": 2,
            "side": "left",
            "timing": {
              "startFrame": 126,
              "bottomFrame": 162,
              "endFrame": 169,
              "durationMs": 1466
            },
            "features": {
              "kneeFlexionDeg": 144.4554277764039,
              "romRatio": 1.07004020575114,
              "fppaPeak": 144.4554277764039,
              "fppaAtDepth": 95.30241773261498,
              "trunkLeanPeak": 169.74213660250985,
              "trunkFlexPeak": 168.32524218928464,
              "pelvicDropPeak": 44.25093991112569,
              "pelvicShiftPeak": 0.0745638757944107,
              "hipAdductionPeak": 177.53405296924873,
              "kneeOffsetPeak": 7.879257602727129,
              "swayNorm": 0.03238424580872137,
              "smoothness": 2755.0610891802107,
              "pelvisVertDisplacement": 0.027720204808495463,
              "swingHeelContactFrames": 3
            },
            "errors": {
              "kneeValgus": true,
              "trunkLean": true,
              "trunkFlex": true,
              "pelvicDrop": true,
              "pelvicShift": false,
              "hipAdduction": true,
              "kneeOverFoot": true,
              "balance": false
            },
            "score": {
              "totalErrors": 6,
              "classification": "poor"
            },
            "confidence": 0.6146887854644747
          }
        ],
        "summary": {
          "numReps": 2,
          "avgDepth": 128.87765823086355,
          "minDepth": 113.29988868532321,
          "avgFppa": 128.87765823086355,
          "maxFppa": 144.4554277764039,
          "consistency": 0.8791274627473811,
          "overallRating": "poor"
        }
      }
    },
    {
      "exercise": "rightSls",
      "startedAtMs": 1777177105323,
      "endedAtMs": 1777177115125,
      "durationMs": 9802,
      "numReps": 3,
      "summary": {
        "exercise": "rightSls",
        "reps": [
          {
            "repId": 1,
            "side": "right",
            "timing": {
              "startFrame": 4,
              "bottomFrame": 4,
              "endFrame": 19,
              "durationMs": 1431
            },
            "features": {
              "kneeFlexionDeg": 151.36533495849005,
              "romRatio": 1.1212247033962226,
              "fppaPeak": 151.36533495849005,
              "fppaAtDepth": 105.606422055493,
              "trunkLeanPeak": 9.093653272080825,
              "trunkFlexPeak": 54.04773941539681,
              "pelvicDropPeak": 41.13192377537131,
              "pelvicShiftPeak": 0.028400689363479614,
              "hipAdductionPeak": 0,
              "kneeOffsetPeak": 1.6549649595678821,
              "swayNorm": 0.011004214318201963,
              "smoothness": 1174.303574417894,
              "pelvisVertDisplacement": 0.1658187035960379,
              "swingHeelContactFrames": 11
            },
            "errors": {
              "kneeValgus": true,
              "trunkLean": false,
              "trunkFlex": true,
              "pelvicDrop": true,
              "pelvicShift": false,
              "hipAdduction": false,
              "kneeOverFoot": true,
              "balance": false
            },
            "score": {
              "totalErrors": 4,
              "classification": "poor"
            },
            "confidence": 0.5550092725704114
          },
          {
            "repId": 2,
            "side": "right",
            "timing": {
              "startFrame": 26,
              "bottomFrame": 61,
              "endFrame": 72,
              "durationMs": 1145
            },
            "features": {
              "kneeFlexionDeg": 154.4910075332814,
              "romRatio": 1.1443778335798622,
              "fppaPeak": 154.4910075332814,
              "fppaAtDepth": 136.4941583012332,
              "trunkLeanPeak": 170.19461721302122,
              "trunkFlexPeak": 162.52735094402485,
              "pelvicDropPeak": 44.973066426335166,
              "pelvicShiftPeak": 0.04932466149330139,
              "hipAdductionPeak": 175.66662373348737,
              "kneeOffsetPeak": 19.20155497157729,
              "swayNorm": 0.016225783887530997,
              "smoothness": 3622.739318296698,
              "pelvisVertDisplacement": 0.06815907419329947,
              "swingHeelContactFrames": 5
            },
            "errors": {
              "kneeValgus": true,
              "trunkLean": true,
              "trunkFlex": true,
              "pelvicDrop": true,
              "pelvicShift": false,
              "hipAdduction": true,
              "kneeOverFoot": true,
              "balance": false
            },
            "score": {
              "totalErrors": 6,
              "classification": "poor"
            },
            "confidence": 0.6037852062401197
          },
          {
            "repId": 3,
            "side": "right",
            "timing": {
              "startFrame": 76,
              "bottomFrame": 95,
              "endFrame": 149,
              "durationMs": 2281
            },
            "features": {
              "kneeFlexionDeg": 147.49533474049522,
              "romRatio": 1.0925580351147794,
              "fppaPeak": 147.49533474049522,
              "fppaAtDepth": 112.59621135797694,
              "trunkLeanPeak": 170.42459531437711,
              "trunkFlexPeak": 167.49350921075958,
              "pelvicDropPeak": 44.97346977390857,
              "pelvicShiftPeak": 0.05036298930644989,
              "hipAdductionPeak": 66.09394026535746,
              "kneeOffsetPeak": 31.941084516586006,
              "swayNorm": 0.012378677680251405,
              "smoothness": 2671.106343729525,
              "pelvisVertDisplacement": 0.26466393847056113,
              "swingHeelContactFrames": 65
            },