{"sessionId":"2026-04-25T19:44:38.979Z","startedAtMs":1777146259329,"endedAtMs":1777146278953,"durationMs":19624,"exercise":"squat","numReps":7,"summary":{"exercise":"squat","reps":[{"repId":1,"side":"left","timing":{"startFrame":36,"bottomFrame":65,"endFrame":122,"durationMs":1466},"features":{"kneeFlexionDeg":68.69951680956906,"romRatio":0.5724959734130756,"fppaPeak":68.69951680956906,"fppaAtDepth":62.700134146393566,"trunkLeanPeak":2.248880236159807,"trunkFlexPeak":73.88290794870267,"pelvicDropPeak":3.8524574128736697,"pelvicShiftPeak":0.028593897819519043,"hipAdductionPeak":175.92948357528863,"kneeOffsetPeak":0.27782434701145287,"swayNorm":0.009819057964329829,"smoothness":221.8109955780516},"errors":{"kneeValgus":true,"trunkLean":false,"trunkFlex":true,"pelvicDrop":false,"pelvicShift":false,"hipAdduction":true,"kneeOverFoot":true,"balance":false},"score":{"totalErrors":4,"classification":"poor"},"confidence":0.9731582382629661},{"repId":2,"side":"left","timing":{"startFrame":228,"bottomFrame":256,"endFrame":297,"durationMs":1181},"features":{"kneeFlexionDeg":47.148280316460784,"romRatio":0.39290233597050656,"fppaPeak":47.148280316460784,"fppaAtDepth":40.2939696781354,"trunkLeanPeak":2.013835298266471,"trunkFlexPeak":71.33974386804421,"pelvicDropPeak":2.9618919151716803,"pelvicShiftPeak":0.005748361349105835,"hipAdductionPeak":173.66279314889164,"kneeOffsetPeak":0.3040747084236204,"swayNorm":0.0017736455456812505,"smoothness":202.83941299251552},"errors":{"kneeValgus":true,"trunkLean":false,"trunkFlex":true,"pelvicDrop":false,"pelvicShift":false,"hipAdduction":true,"kneeOverFoot":true,"balance":false},"score":{"totalErrors":4,"classification":"poor"},"confidence":0.9756204074337366},{"repId":3,"side":"left","timing":{"startFrame":373,"bottomFrame":398,"endFrame":440,"durationMs":1167},"features":{"kneeFlexionDeg":53.86268511526495,"romRatio":0.4488557092938746,"fppaPeak":53.86268511526495,"fppaAtDepth":51.395179039572696,"trunkLeanPeak":1.8580201604649524,"trunkFlexPeak":68.56574798625661,"pelvicDropPeak":3.778531636762334,"pelvicShiftPeak":0.007112666964530945,"hipAdductionPeak":172.30980790602774,"kneeOffsetPeak":0.31203095077371723,"swayNorm":0.0030118070843715198,"smoothness":156.35113533393414},"errors":{"kneeValgus":true,"trunkLean":false,"trunkFlex":true,"pelvicDrop":false,"pelvicShift":false,"hipAdduction":true,"kneeOverFoot":true,"balance":false},"score":{"totalErrors":4,"classification":"poor"},"confidence":0.9878204123062246},{"repId":4,"side":"left","timing":{"startFrame":507,"bottomFrame":534,"endFrame":571,"durationMs":1108},"features":{"kneeFlexionDeg":48.14741537981536,"romRatio":0.4012284614984613,"fppaPeak":48.14741537981536,"fppaAtDepth":45.4229019660481,"trunkLeanPeak":1.9148543667861035,"trunkFlexPeak":70.97494056041221,"pelvicDropPeak":2.7511717732392547,"pelvicShiftPeak":0.018686503171920776,"hipAdductionPeak":171.01337617645098,"kneeOffsetPeak":0.2193638430892162,"swayNorm":0.006233281747901881,"smoothness":121.27473569670556},"errors":{"kneeValgus":true,"trunkLean":false,"trunkFlex":true,"pelvicDrop":false,"pelvicShift":false,"hipAdduction":true,"kneeOverFoot":true,"balance":false},"score":{"totalErrors":4,"classification":"poor"},"confidence":0.9838323516723437},{"repId":5,"side":"left","timing":{"startFrame":639,"bottomFrame":659,"endFrame":696,"durationMs":992},"features":{"kneeFlexionDeg":52.21622085210306,"romRatio":0.43513517376752553,"fppaPeak":52.21622085210306,"fppaAtDepth":52.21622085210306,"trunkLeanPeak":3.71805918223069,"trunkFlexPeak":70.3200718620659,"pelvicDropPeak":2.711490577373694,"pelvicShiftPeak":0.005947932600975037,"hipAdductionPeak":166.69646960073234,"kneeOffsetPeak":0.19555666788684212,"swayNorm":0.0019936563974378516,"smoothness":97.28051889782236},"errors":{"kneeValgus":true,"trunkLean":false,"trunkFlex":true,"pelvicDrop":false,"pelvicShift":false,"hipAdduction":true,"kneeOverFoot":false,"balance":false},"score":{"totalErrors":3,"classification":"fair"},"confidence":0.9875867308556346},{"repId":6,"side":"left","timing":{"startFrame":768,"bottomFrame":794,"endFrame":839,"durationMs":1235},"features":{"kneeFlexionDeg":45.597462511268674,"romRatio":0.37997885426057226,"fppaPeak":45.597462511268674,"fppaAtDepth":42.86784904007476,"trunkLeanPeak":2.4495704074892513,"trunkFlexPeak":71.6009504054041,"pelvicDropPeak":3.040392510612217,"pelvicShiftPeak":0.01492340862751007,"hipAdductionPeak":172.5535175131446,"kneeOffsetPeak":0.2719880401600113,"swayNorm":0.00521123002385237,"smoothness":100.28856846149658},"errors":{"kneeValgus":true,"trunkLean":false,"trunkFlex":true,"pelvicDrop":false,"pelvicShift":false,"hipAdduction":true,"kneeOverFoot":true,"balance":false},"score":{"totalErrors":4,"classification":"poor"},"confidence":0.9809559663688697},{"repId":7,"side":"left","timing":{"startFrame":961,"bottomFrame":991,"endFrame":1029,"durationMs":1199},"features":{"kneeFlexionDeg":72.54137680705078,"romRatio":0.6045114733920899,"fppaPeak":72.54137680705078,"fppaAtDepth":53.88020986381407,"trunkLeanPeak":4.507986610365719,"trunkFlexPeak":73.19394747608912,"pelvicDropPeak":3.485857661707527,"pelvicShiftPeak":0.021603628993034363,"hipAdductionPeak":174.21518476513083,"kneeOffsetPeak":0.21593143956684613,"swayNorm":0.008894010087824164,"smoothness":177.7353794186619},"errors":{"kneeValgus":true,"trunkLean":false,"trunkFlex":true,"pelvicDrop":false,"pelvicShift":false,"hipAdduction":true,"kneeOverFoot":true,"balance":false},"score":{"totalErrors":4,"classification":"poor"},"confidence":0.9738875765731367}],"summary":{"numReps":7,"avgDepth":55.458993970218955,"minDepth":45.597462511268674,"avgFppa":55.458993970218955,"maxFppa":72.54137680705078,"consistency":0.8196917510268602,"overallRating":"poor"}}}