{
  "sessionId": "2026-04-26T06:39:18.880Z",
  "startedAtMs": 1777185558880,
  "endedAtMs": 1777185575581,
  "durationMs": 16701,
  "patient": {
    "patientId": "pt-1777184386614-2yhig2b0",
    "injuredJoint": {
      "name": "right_knee",
      "romByExercise": {
        "leftSls": 1.2134302507282422
      }
    }
  },
  "exercises": [
    {
      "exercise": "leftSls",
      "startedAtMs": 1777185560041,
      "endedAtMs": 1777185571713,
      "durationMs": 11672,
      "numReps": 4,
      "summary": {
        "exercise": "leftSls",
        "reps": [
          {
            "repId": 1,
            "side": "left",
            "timing": {
              "startFrame": 62,
              "bottomFrame": 81,
              "endFrame": 91,
              "durationMs": 484
            },
            "features": {
              "kneeFlexionDeg": 165.91145401982496,
              "romRatio": 1.228973733480185,
              "fppaPeak": 165.91145401982496,
              "fppaAtDepth": 165.91145401982496,
              "trunkLeanPeak": 12.945418177549158,
              "trunkFlexPeak": 47.426016459272155,
              "pelvicDropPeak": 24.257399200473373,
              "pelvicShiftPeak": 0.08181118965148926,
              "hipAdductionPeak": 178.34634514214034,
              "kneeOffsetPeak": 1.2705762238201426,
              "swayNorm": 0.030729160834527584,
              "smoothness": 1546.9701673152454,
              "pelvisVertDisplacement": 0.003394737769740197,
              "swingHeelContactFrames": 1
            },
            "errors": {
              "kneeValgus": true,
              "trunkLean": true,
              "trunkFlex": true,
              "pelvicDrop": true,
              "pelvicShift": false,
              "hipAdduction": true,
              "kneeOverFoot": true,
              "balance": false
            },
            "score": {
              "totalErrors": 6,
              "classification": "poor"
            },
            "confidence": 0.5416046505586968
          },
          {
            "repId": 2,
            "side": "left",
            "timing": {
              "startFrame": 133,
              "bottomFrame": 139,
              "endFrame": 148,
              "durationMs": 263
            },
            "features": {
              "kneeFlexionDeg": 153.3612797700752,
              "romRatio": 1.1360094797783349,
              "fppaPeak": 153.3612797700752,
              "fppaAtDepth": 108.6216631721974,
              "trunkLeanPeak": 6.504392992890995,
              "trunkFlexPeak": 45.411148144810426,
              "pelvicDropPeak": 14.009251941636773,
              "pelvicShiftPeak": 0.03981977701187134,
              "hipAdductionPeak": 177.28709512277385,
              "kneeOffsetPeak": 0.4896602380725992,
              "swayNorm": 0.018377886603897168,
              "smoothness": 2699.796763824099,
              "pelvisVertDisplacement": 0.09376848219705858,
              "swingHeelContactFrames": 1
            },
            "errors": {
              "kneeValgus": true,
              "trunkLean": false,
              "trunkFlex": true,
              "pelvicDrop": true,
              "pelvicShift": false,
              "hipAdduction": true,
              "kneeOverFoot": true,
              "balance": false
            },
            "score": {
              "totalErrors": 5,
              "classification": "poor"
            },
            "confidence": 0.4135223155220349
          },
          {
            "repId": 3,
            "side": "left",
            "timing": {
              "startFrame": 162,
              "bottomFrame": 173,
              "endFrame": 213,
              "durationMs": 908
            },
            "features": {
              "kneeFlexionDeg": 164.1118080201918,
              "romRatio": 1.2156430223717911,
              "fppaPeak": 164.1118080201918,
              "fppaAtDepth": 144.90443751298744,
              "trunkLeanPeak": 11.497347710818895,
              "trunkFlexPeak": 74.1770455683612,
              "pelvicDropPeak": 11.787853219721763,
              "pelvicShiftPeak": 0.052261099219322205,
              "hipAdductionPeak": 179.85577313103636,
              "kneeOffsetPeak": 0.8921768755584476,
              "swayNorm": 0.025452446572681964,
              "smoothness": 1917.3658489600714,
              "pelvisVertDisplacement": 0,
              "swingHeelContactFrames": 5
            },
            "errors": {
              "kneeValgus": true,
              "trunkLean": true,
              "trunkFlex": true,
              "pelvicDrop": true,
              "pelvicShift": false,
              "hipAdduction": true,
              "kneeOverFoot": true,
              "balance": false
            },
            "score": {
              "totalErrors": 6,
              "classification": "poor"
            },
            "confidence": 0.36642233614260566
          },
          {
            "repId": 4,
            "side": "left",
            "timing": {
              "startFrame": 233,
              "bottomFrame": 246,
              "endFrame": 267,
              "durationMs": 609
            },
            "features": {
              "kneeFlexionDeg": 171.8677935831588,
              "romRatio": 1.2730947672826578,
              "fppaPeak": 171.8677935831588,
              "fppaAtDepth": 146.65949164048556,
              "trunkLeanPeak": 7.0294106142484045,
              "trunkFlexPeak": 62.30879038841068,
              "pelvicDropPeak": 12.104887538028125,
              "pelvicShiftPeak": 0.06317344307899475,
              "hipAdductionPeak": 176.18296162927365,
              "kneeOffsetPeak": 1.024966820019721,
              "swayNorm": 0.039873888398195036,
              "smoothness": 2758.746299016788,
              "pelvisVertDisplacement": 0.07634778257826702,
              "swingHeelContactFrames": 4
            },
            "errors": {
              "kneeValgus": true,
              "trunkLean": false,
              "trunkFlex": true,
              "pelvicDrop": true,
              "pelvicShift": false,
              "hipAdduction": true,
              "kneeOverFoot": true,
              "balance": false
            },
            "score": {
              "totalErrors": 5,
              "classification": "poor"
            },
            "confidence": 0.2560081022835913
          }
        ],
        "summary": {
          "numReps": 4,
          "avgDepth": 163.8130838483127,
          "minDepth": 153.3612797700752,
          "avgFppa": 163.8130838483127,
          "maxFppa": 171.8677935831588,
          "consistency": 0.9592079567445162,
          "overallRating": "poor"
        }
      }
    }
  ]
}